customer_id,month_year,avg_3mth_lag_fxd_brdbnd_total_download_gb,avg_3mth_fxd_brdbnd_total_sessions,min_months_until_contract_end,payment_mode_cash_cnt,max_months_until_contract_end,lag2_sum_net_revenue_amt,payment_mode_credit_card_cnt,lag2_sum_price,lag2_sum_unifi_stmx_rev_amt,lag2_sum_monthly_charges,lag2_sum_inv_tax_amt,payment_cent_type_bank_or_card_cnt,any_6mth_price_hike_10pct,account_cnt,lag2_fxd_voice_tot_usage_discnt_chrgs,lag2_sum_hypptv_revenue_amt,sum_hypptv_revenue_amt,revenue_score,fxd_voice_tot_usage_discnt_chrgs,avg_6m_cnt_prod_w,fxd_voice_wkend_tot_usage_discnt_chrgs,lag2_fxd_voice_wkday_tot_usage_discnt_chrgs,payment_cent_type_sbbs_or_mppj_cnt,spdtst_test_cnt,spdtst_avg_jitter,lag1_spdtst_avg_upload_kbps,lag1_spdtst_max_upload_kbps,payment_cent_type_post_office_cnt,tot_srvc_cnt,lag1_sum_hypptv_revenue_amt,avg_3m_tot_srvc_cnt,fxd_voice_wkday_tot_usage_discnt_chrgs,fxd_voice_wkday_postcode,fxd_voice_postcode,ct_unifi_super_value_pckg,fxd_voice_wkend_postcode,hypptv_rev_postcode,fxd_brdbnd_postcode,voice_rev_postcode,usage_charge_postcode,ct_promo_pckg,marital_status,ct_pckg_less_50_myr,monthly_charge_postcode,unifi_stmx_rev_postcode,net_revenue_postcode,is_out_of_contract,ct_unifi_pckg_less_150_myr,ct_pckg_over_100_myr,revenue_band,cnt_of_contracts,speed_upsell,y_pred,decile,percentile,y_pred_calibrated
1-1013HKU,202308,185.83467,267,,0,,99,0,85,99,89,5.94,1,0,1,,0,0,3,,0,,,0,0,,,,0,1,0,1,,597,595,0,595,567,570,566,566,0,3,0,565,565,568,1,1,0,2,0,0,0.002215578,1,14,0.009819645
1-10KIP0I,202308,48.255,21.333332,,1,,89,0,85,89,89,5.34,1,0,1,,0,0,3,,0,,,0,0,,,,0,1,0,1,,153,154,0,153,145,147,145,145,0,3,0,145,145,146,0,1,0,2,0,0,0.00159905,6,67,0.00965621
1-10P1BKE,202308,151.146,7.333333,,1,,89,0,69,89,89,5.34,1,0,1,,0,0,3,,0,,,0,0,,,,0,1,0,1,,1060,1065,0,1064,980,994,981,980,1,3,0,978,979,989,1,1,0,2,0,0,0.001784982,5,50,0.009705213
1-10P5QU0,202308,60.41567,0.666667,11.612904,1,11.612904,89,0,89,89,89,5.34,1,0,1,,0,0,3,,0,,,0,0,,,,0,1,0,1,,1245,1260,0,1258,1124,1142,1126,1125,0,3,0,1123,1124,1140,0,1,0,2,1,0,0.001299372,9,90,0.009577745
1-11D-20556,202308,33.531,0.333333,,,,89,,139,89,89,5.34,,0,,,0,0,3,,0,,,,0,,,,,1,0,1,,709,708,0,709,674,679,674,674,0,3,0,671,672,676,0,1,1,2,0,0,0.001798219,4,48,0.009708711
1-11D-28100,202308,521.833,8.666667,,,,99,,89,99,89,5.94,,0,,,0,0,3,,0,,,,0,,,,,1,0,1,,936,937,0,936,866,877,866,866,0,3,0,863,864,873,1,1,0,2,0,0,0.002349566,1,12,0.009855524
1-11ENCDS,202308,0,0,,0,,89,1,85,89,89,5.34,1,0,1,,0,0,3,,0,,,0,0,,,,0,1,0,1,,145,146,0,145,137,139,137,137,0,3,0,137,137,138,0,1,0,2,0,0,0.001731845,5,56,0.009691184
1-11I-20278,202308,313.37268,3.666667,,1,,177.22,0,179,149,179,10.63,1,0,1,,30,30,4,,0.33333334,,,0,0,,,,0,1,30,1.6666666,,695,694,0,695,660,665,660,660,0,3,0,657,658,662,1,0,1,2,0,1,0.004814278,0,1,0.010539161
1-11I-25369,202308,74.13,4.666667,,,,-5.74,,85,-5.74,-5.74,-0.3444,,0,,,0,0,4,,0,,,,0,,,,,1,0,1,,781,780,0,781,731,740,731,731,0,3,0,728,729,735,1,1,0,2,0,0,0.002193242,1,14,0.009813676
1-11I-26604,202308,147.07133,1.666667,,1,,89,0,85,89,89,5.34,1,0,1,,0,0,3,,0,,,0,0,,,,0,1,0,1,,602,599,0,600,571,575,570,570,0,3,0,569,569,573,0,1,0,2,0,0,0.001863648,3,39,0.00972602
1-11I-28048,202308,176.88834,3,,1,,99,0,99,99,99,5.94,1,0,1,,0,0,3,,0,,,0,0,,,,0,1,0,1,,640,638,1,638,606,610,605,605,0,3,0,603,604,608,1,1,0,2,0,0,0.004275859,0,2,0.010385923
1-11K-19830,202308,182.36034,449,,1,,148,0,85,89,89,8.88,1,0,1,,0,0,4,,0.5,,,0,0,,,,0,2,0,2,,583,582,0,580,555,559,555,555,0,3,0,554,554,557,1,1,0,2,0,0,0.002241026,1,13,0.009826449
1-11K-19903,202308,3.7413332,0.666667,,0,,89,0,89,89,89,5.34,1,0,1,,0,0,3,,0,,,0,0,,,,0,2,0,2,,579,580,1,578,551,557,551,553,0,3,0,552,552,555,0,1,0,2,0,0,0.001800715,4,48,0.009709371
1-11K-25929,202308,238.055,0.666667,,,,89,,85,89,89,5.34,,0,,,0,0,3,,0,,,,0,,,,,1,0,1,,650,647,0,647,615,619,614,614,0,3,0,612,613,617,1,1,0,2,0,0,0.001889539,3,35,0.009732877
1-11K-30721,202308,86.58867,8.333333,4.225806,1,4.225806,99,0,99,99,99,5.94,1,0,1,,0,0,3,,0,,,0,0,,,,0,1,0,1,,597,595,1,595,567,570,566,566,0,3,0,565,565,568,0,1,0,2,1,0,0.001535969,7,70,0.009639641
1-11O-13557,202308,118.49433,0.333333,,1,,108,0,99,99,108,6.48,1,0,1,,9,9,4,,0,,,0,0,,,,0,1,9,1,,127,128,0,126,120,121,120,120,0,3,0,120,120,120,1,1,0,2,0,0,0.002763964,0,7,0.009967315
1-11Q-32266,202308,120.24367,0.666667,,1,,89,0,89,89,89,5.34,1,0,1,,0,0,3,,0,,,0,0,,,,0,1,0,1,,675,674,0,674,640,645,640,640,0,3,0,637,638,642,1,1,0,2,0,0,0.001876492,3,37,0.009729421
1-11Q-595,202308,4.068333,9.666667,,1,,89,1,89,89,89,5.34,1,0,1,,0,0,3,,0,,,0,0,,,,0,1,0,1,,746,745,0,746,700,708,700,700,0,3,0,697,698,704,1,1,0,2,0,0,0.001770253,5,52,0.009701322
1-11Q-7208,202308,323.21735,8.666667,,0,,99,1,99,99,99,5.94,1,0,1,,0,0,4,,0,,,0,0,,,,0,1,0,1,,803,804,1,805,745,754,745,745,0,3,0,742,743,750,1,1,0,2,0,0,0.005494125,0,1,0.010735849
1-11S-11655,202308,119.73867,21.333332,,0,,148.9,0,85,89,89,8.93,1,0,1,,0,0,4,,0.5,,,0,0,,,,0,2,0,2,,817,819,0,819,756,765,756,756,0,3,0,753,754,761,1,1,0,2,0,0,0.001972171,2,24,0.009754796
1-11S-13025,202308,26.696667,10.333333,,1,,89,0,89,89,89,5.34,1,0,1,,0,0,3,,0,,,0,0,,,,0,1,0,1,,10,11,0,10,9,9,9,9,0,3,0,9,9,9,1,1,0,2,0,0,0.003598782,0,3,0.010196348
1-11S-18100,202308,864.1307,4.333333,,,,89,,89,89,89,5.34,,0,,,0,0,3,0,0,0,,,3,3,,,,1,0,1,0,337,337,1,337,321,324,321,321,0,3,0,321,321,323,1,1,0,2,0,0,0.00313739,0,5,0.010069128
1-11S-2767,202308,719.68365,2.333333,,0,,99,0,99,99,99,5.94,1,0,1,,0,0,3,-2.45,0,0,,0,0,,,,0,1,0,1,-2.45,753,754,1,755,707,715,707,707,0,3,0,704,705,711,1,1,0,2,0,0,0.006314875,0,0,0.010978145
1-11S-33373,202308,293.75134,2.333333,,0,,100,0,99,99,99,6,1,0,1,,0,0,3,0,0,0,,0,0,,,,0,2,0,2,0,767,766,0,768,719,727,719,719,0,3,0,716,717,723,1,1,0,2,0,0,0.004268055,0,2,0.010383718
1-12FVXQY,202308,1848.1747,63.333332,20.903225,0,20.903225,400.59,0,398,416.07,400.59,24.0354,1,1,2,,-15.48,0,6,,0,,,0,1,1,,,0,2,0,2,,767,766,0,682,719,653,719,648,0,3,0,645,646,650,1,1,1,0,1,0,0.004182614,0,2,0.010359609
1-12M-10674,202308,28.636333,22,,1,,159,0,199,129,159,9.54,1,0,1,,30,30,4,,0,,,0,0,,,,0,1,30,1,,680,679,0,679,645,650,645,645,0,3,0,642,643,647,1,0,1,2,0,0,0.003557788,0,3,0.01018498
1-12M-14201,202308,633.3233,0.666667,,1,,149,0,169,119,149,8.94,1,0,1,,30,30,4,,0,,,0,0,,,,0,1,30,1,,726,724,0,727,689,695,689,689,0,3,0,686,687,691,1,0,1,2,0,0,0.003896447,0,2,0.010279265
1-12M-26883,202308,375.86734,13.666667,,,,149,,149,89,149,8.94,,0,,,60,60,4,,0,,,,0,,,,,1,60,1,,754,755,0,756,708,716,708,708,0,3,0,705,706,712,1,1,1,2,0,0,0.00270261,0,8,0.009950685
1-12M-33865,202308,51.75033,0.333333,,0,,154,0,139,104,154,8.34,1,0,1,,50,50,4,,0,,,0,0,,,,0,1,50,1,,603,600,1,601,572,576,571,571,0,1,0,570,570,574,1,1,1,2,0,0,0.002808261,0,7,0.009979339
1-12M-40253,202308,49.26433,1,,1,,89,0,85,89,89,5.34,1,0,1,,0,0,3,,0,,,0,0,,,,0,1,0,1,,675,674,0,674,640,645,640,640,0,3,0,637,638,642,0,1,0,2,0,0,0.001686615,6,60,0.009679258
1-12M-8514,202308,9.347667,0.333333,6.967742,0,6.967742,89,1,89,89,89,5.34,1,0,1,,0,0,3,,0,,,0,0,,,,0,1,0,1,,817,819,0,819,756,765,756,756,0,3,0,753,754,761,0,1,0,2,1,0,0.001294964,9,93,0.009576595
1-12P-12416,202308,183.687,4.333333,,0,,89,1,89,89,89,5.34,1,0,1,,0,0,3,,0,,,0,0,,,,0,1,0,1,,803,804,1,805,745,754,745,745,0,3,0,742,743,750,1,1,0,2,0,0,0.001983039,2,23,0.009757682
1-12P-22235,202308,72.60333,9.666667,3.967742,1,3.967742,89,0,85,89,89,5.34,1,0,1,,0,0,3,,0,,,0,0,,,,0,1,0,1,,922,923,0,922,853,864,853,853,0,3,0,850,851,859,0,1,0,2,1,0,0.001289944,9,94,0.009575286
1-12P-22874,202308,306.406,9.666667,,0,,176.51,1,89,176.51,166.51,10.5906,1,0,1,,0,0,3,,0,,,0,0,,,,0,1,0,1,,770,769,1,771,722,730,722,722,0,3,0,719,720,726,1,1,0,2,0,0,0.002712905,0,8,0.009953474
1-12P-34700,202308,73.06067,2,,0,,139,1,199,109,139,8.34,1,0,1,,30,30,4,,0,,,0,0,,,,0,1,30,1,,726,724,0,727,689,695,689,689,0,3,0,686,687,691,1,0,1,2,0,0,0.00402569,0,2,0.010315475
1-12P-37169,202308,37.07567,2.666667,,1,,129,0,99,99,129,7.74,1,0,1,,30,30,4,,0,,,0,0,,,,0,1,30,1,,695,694,0,695,660,665,660,660,0,2,0,657,658,662,1,1,0,2,0,0,0.003512118,0,4,0.010172331
1-12X-23904,202308,106.04767,20.333332,,0,,89,1,89,89,89,5.34,1,0,1,,0,0,3,,0,,,0,0,,,,0,1,0,1,,635,632,0,633,601,605,600,600,0,3,0,598,599,603,1,1,0,2,0,0,0.001934628,2,28,0.009744831
1-12X-38660,202308,81.24934,1.666667,,0,,99,0,89,99,89,5.94,1,0,1,,0,0,3,,0,,,0,0,,,,0,1,0,1,,452,455,0,453,430,435,430,430,0,3,0,430,430,433,0,1,0,2,0,0,0.001918778,3,31,0.009740627
1-12X-40216,202308,286.45633,0.666667,2.2580645,0,2.2580645,89,1,85,89,89,5.34,1,0,1,,0,0,3,,0,,,0,0,,,,0,1,0,1,,163,164,0,163,155,157,155,155,0,3,0,155,155,156,0,1,0,2,1,0,0.001451296,7,73,0.009617444
1-12X-9236,202308,49.673668,4.333333,7.419355,0,7.419355,89,0,89,89,89,5.34,1,0,1,,0,0,3,,0,,,0,0,,,,0,1,0,1,,806,807,0,808,748,757,748,748,0,3,0,745,746,753,0,1,0,2,1,0,0.001298956,9,91,0.009577636
1-12Z-13112,202308,11.798,30.333332,13.16129,1,13.16129,79,0,79,79,79,4.74,1,0,1,,0,0,3,,0,,,0,0,,,,0,1,0,1,,754,755,0,756,708,716,708,708,0,3,0,705,706,712,0,1,0,2,1,0,0.001248894,9,99,0.00956459
1-131-7746,202308,421.81766,0.333333,,1,,119,0,89,89,119,7.14,1,0,1,,30,30,4,,0,,,0,0,,,,0,1,30,1,,803,804,0,805,745,754,745,745,0,3,0,742,743,750,1,1,0,2,0,0,0.003046774,0,5,0.010044328
1-132Y5QG,202308,80.25867,7.666667,,0,,89,0,89,89,89,5.34,1,1,1,,0,0,3,,0,,,0,0,,,,0,1,0,1,,387,388,0,389,366,371,366,366,0,3,0,366,366,369,0,1,0,2,0,0,0.001876379,3,37,0.009729391
1-133-17665,202308,124.829666,71.333336,,0,,89,0,85,89,89,5.34,1,0,1,,0,0,3,,0,,,0,0,,,,0,1,0,1,,746,745,0,746,700,708,700,700,0,3,0,697,698,704,1,1,0,2,0,0,0.001876852,3,37,0.009729516
1-134V1XO,202308,122.04366,8,7.16129,0,7.16129,89,0,69,89,89,5.34,1,0,1,,0,0,3,,0,,,0,0,,,,0,1,0,1,,946,946,0,946,872,883,872,872,1,3,0,869,870,880,0,1,0,2,1,0,0.001296582,9,92,0.009577017
1-13H-26694,202308,626.291,0.333333,9.032258,1,9.032258,99,0,99,99,99,5.94,1,0,1,,0,0,3,,0,,,0,0,,,,0,1,0,1,,702,701,1,702,667,672,667,667,0,0,0,664,665,669,0,1,0,2,1,0,0.002010359,2,21,0.009764942
1-13J-21157,202308,94.915665,8.666667,4.709677,1,4.709677,89,0,89,89,89,5.34,1,0,1,,0,0,3,,0,,,0,0,,,,0,1,0,1,,686,685,0,685,651,656,651,651,0,3,0,648,649,653,0,1,0,2,1,0,0.001292392,9,93,0.009575925
1-13J-2647,202308,92.752,12.666667,,0,,89,1,89,89,89,5.34,1,0,1,,0,0,3,,0,,,0,0,,,,0,1,0,1,,583,582,0,580,555,559,555,555,0,3,0,554,554,557,1,1,0,2,0,0,0.002032476,2,20,0.009770823
1-13L-8358,202308,358.54532,5.666667,,1,,99,0,99,99,99,5.94,1,0,1,,0,0,3,,0,,,0,0,,,,0,1,0,1,,308,306,1,309,293,296,293,293,0,3,0,293,293,295,0,1,0,2,0,0,0.004382451,0,2,0.010416083
1-13P-578,202308,188.784,1,,,,150.4,,139,89,89,9.02,,0,,,0,0,4,,0.5,,,,0,,,,,2,0,2,,633,580,0,631,599,557,598,598,0,0,0,596,597,601,1,1,1,2,0,0,0.00284335,0,7,0.009988874
1-13S-25618,202308,591.4427,0.666667,,1,,129,0,99,99,129,7.74,1,0,1,,30,30,4,,0,,,0,0,,,,0,1,30,1,,736,734,1,737,698,704,698,698,0,3,0,695,696,700,1,1,0,2,0,0,0.002717847,0,8,0.009954813
1-13S-27795,202308,238.29266,3.666667,,1,,139,0,89,89,139,8.34,1,0,1,,30,30,4,,0,,,0,0,,,,0,1,30,1,,803,804,0,805,745,754,745,745,0,2,0,742,743,750,1,1,0,2,0,0,0.002672208,0,8,0.009942455
1-13S-28542,202308,46.403667,1.333333,,1,,89,0,85,89,89,5.34,1,0,1,,0,0,3,,0,,,0,0,,,,0,1,0,1,,752,753,0,754,706,714,706,706,0,1,0,703,704,710,1,1,0,2,0,0,0.001693519,6,60,0.009681077
1-13S-31233,202308,0,0,,1,,99,0,99,99,99,5.94,1,0,1,,0,0,3,,0,,,0,0,,,,0,1,0,1,,773,772,0,774,724,732,724,724,0,0,0,721,722,728,1,1,0,2,0,0,0.003530749,0,4,0.010177489
1-13S-33393,202308,58.170666,3.666667,,0,,91.3,1,85,89,89,5.478,1,0,1,,0,0,3,,0,,,1,0,,,,0,1,0,1,,631,628,0,629,597,601,596,596,0,3,0,594,595,599,0,1,0,2,0,0,0.002025036,2,20,0.009768844
1-13S-6759,202308,363.152,4,,1,,89,0,89,89,89,5.34,1,0,1,,0,0,3,,0,,,0,0,,,,0,1,0,1,,803,804,1,805,745,754,745,745,0,3,0,742,743,750,1,1,0,2,0,0,0.001971276,2,24,0.009754558
1-13TKYPK,202308,16.718334,1.666667,,,,89,,85,89,89,5.34,,0,,,0,0,3,,0,,,,0,,,,,1,0,1,,747,746,0,747,701,709,701,701,0,3,0,698,699,705,1,1,0,2,0,0,0.001667564,6,62,0.009674239
1-13U-11056,202308,31.526,2.666667,1.5806452,1,1.5806452,178,0,170,178,178,10.68,1,0,2,,0,0,4,0,0,0,,0,0,,,,0,2,0,2,0,910,912,0,911,843,853,843,843,0,3,0,840,841,849,0,2,0,2,1,0,0.001563487,6,68,0.009646865
1-13U-1816,202308,151.26833,4.333333,,1,,89.1,0,89,89,89,5.346,1,0,1,,0,0,3,,0,,,0,0,,,,0,1,0,1,,157,158,0,157,149,151,149,149,0,3,0,149,149,150,1,1,0,2,0,0,0.001884102,3,36,0.009731437
1-13U-25134,202308,166.85767,2,,,,69,,69,69,69,4.14,,0,,,0,0,3,,0,,,,0,,,,,1,0,1,,456,459,0,457,434,439,434,434,1,0,0,434,434,437,0,1,0,2,0,0,0.001921896,3,30,0.009741454
1-13U-25807,202308,314.118,2.666667,,0,,266.3,1,85,89,89,15.98,1,0,1,,0,0,5,,1.5,,,0,0,,,,0,4,0,4,,787,788,0,788,737,746,737,737,0,3,0,734,735,741,1,1,0,0,0,0,0.003925286,0,2,0.010287334
1-13U-28074,202308,135.74033,2.333333,,0,,89,1,69,89,89,5.34,1,0,1,,0,0,3,0,0,0,,0,0,,,,0,1,0,1,0,418,420,0,420,397,402,397,397,1,2,0,397,397,400,1,1,0,2,0,0,0.001912177,3,31,0.009738877
1-13U-34611,202308,24.996,1.333333,,0,,89,0,85,89,89,5.34,1,0,1,,0,0,3,,0,,,0,0,,,,0,1,0,1,,613,610,0,611,581,585,580,580,0,3,0,579,579,583,1,1,0,2,0,0,0.001691367,6,60,0.00968051
1-149YHTI,202308,0,0,,0,,89,0,89,89,89,5.34,1,0,1,,0,0,3,,0,,,0,0,,9883,9883,0,1,0,1,,157,158,0,157,149,151,149,149,0,3,0,149,149,150,1,1,0,2,0,0,0.001745683,5,55,0.009694835
1-14B-1204,202308,52.79767,40.333332,,1,,89,0,89,89,89,5.34,1,0,1,,0,0,3,,0,,,0,0,,,,0,1,0,1,,885,889,0,887,822,831,822,822,0,3,0,819,820,828,0,1,0,2,0,0,0.001696458,6,60,0.009681852
1-14B-16424,202308,55.431667,1.333333,,1,,89,0,69,89,89,5.34,1,0,1,,0,0,3,,0,,,0,0,,,,0,1,0,1,,9,10,0,9,8,8,8,8,1,3,0,8,8,8,0,1,0,2,0,0,0.001728703,5,56,0.009690355
1-14B-18007,202308,327.83032,3.666667,7.774194,,7.774194,89,,89,89,89,5.34,,0,,,0,0,3,,0,,,,0,,,,,1,0,1,,13,14,0,13,12,12,12,12,0,2,0,12,12,12,0,1,0,2,1,0,0.001665127,6,62,0.009673597
1-14B-23061,202308,25.463667,2,,0,,89,1,69,89,89,5.34,1,0,1,,0,0,3,,0,,,0,0,,,,0,1,0,1,,1256,1270,0,1268,1135,1153,1137,1136,1,3,0,1134,1135,1151,0,1,0,2,0,0,0.001726645,5,57,0.009689812
1-14B-5839,202308,124.795,22.333332,3.3548386,,3.3548386,89,,85,89,89,5.34,,0,,,0,0,3,,0,,,,0,,,,,1,0,1,,839,842,0,842,778,787,778,778,0,3,0,775,776,783,0,1,0,2,1,0,0.001291058,9,94,0.009575577
1-14B-6228,202308,491.86966,25.333332,20.516129,1,20.516129,178,1,174,178,178,10.68,1,0,2,,0,0,4,,0,,,0,0,,,,0,2,0,2,,751,725,0,752,705,696,705,705,0,2,0,702,703,709,1,2,0,2,1,0,0.002849449,0,6,0.009990532
1-14D-14418,202308,197.21233,4.333333,,1,,89,0,69,89,89,5.34,1,0,1,,0,0,3,,0,,,0,0,,,,0,1,0,1,,1108,1120,0,1118,1008,1023,1009,1008,1,3,0,1006,1007,1020,1,1,0,2,0,0,0.001802148,4,48,0.009709749
1-14D-17191,202308,55.619335,48.333332,,1,,148,0,69,89,89,8.88,1,0,1,,0,0,4,,0.5,,,0,0,,,,0,2,0,2,,335,335,0,336,320,323,320,320,1,3,0,320,320,322,1,1,0,2,0,0,0.001737208,5,55,0.009692599
1-14D-23613,202308,90.59866,38.333332,2.8387096,0,2.8387096,89,0,69,89,89,5.34,1,0,1,,0,0,3,,0,,,0,0,,,,0,1,0,1,,885,889,0,887,822,831,822,822,1,3,0,819,820,828,0,1,0,2,1,0,0.001291924,9,93,0.009575803
1-14D-35097,202308,37.592,9.333333,,0,,89.4,1,69,89,89,5.364,1,0,1,,0,0,3,,0,,,0,0,,,,0,1,0,1,,885,889,0,887,822,831,822,822,1,2,0,819,820,828,1,1,0,2,0,0,0.001827162,4,44,0.009716364
1-14D-5150,202308,45.095,6.333333,3.483871,0,3.483871,89,0,69,89,89,5.34,1,0,1,,0,0,3,,0.16666667,,,0,0,,,,0,1,0,1.3333334,,479,481,0,479,455,460,455,455,1,3,0,455,455,458,0,1,0,2,1,0,0.001300461,9,90,0.009578029
1-14G-11767,202308,228.861,7.333333,,0,,109,1,99,109,99,6.54,1,0,1,,0,0,4,,0,,,0,0,,,,0,1,0,1,,884,888,0,886,821,830,821,821,0,3,0,818,819,827,1,1,0,2,0,0,0.003317593,0,4,0.010118627
1-14G-13514,202308,151.23666,0.666667,,1,,89,0,69,89,89,5.34,1,0,1,,0,0,3,,0,,,0,0,,,,0,1,0,1,,893,897,0,895,830,839,830,830,1,3,0,827,828,836,0,1,0,2,0,0,0.001848376,4,41,0.009721977
1-14G-14367,202308,237.38533,18,16.387096,1,16.387096,69,0,69,69,69,4.14,1,0,1,,0,0,3,,0,,,0,0,,,,0,1,0,1,,908,910,0,909,841,851,841,841,1,3,0,838,839,847,0,1,0,2,1,0,0.00133064,8,83,0.009585902
1-14G-17250,202308,173.64734,5.666667,,1,,149,0,149,89,149,8.94,1,0,1,,60,60,4,,0,,,0,0,,,,0,1,60,1,,675,674,0,674,640,645,640,640,0,3,0,637,638,642,0,1,1,2,0,0,0.003030803,0,5,0.010039963
1-14G-35130,202308,125.80666,9,,0,,89.5,0,69,89,89,5.37,1,0,1,,0,0,3,,0,,,0,0,,,,0,2,0,2,,905,907,0,906,838,848,838,838,1,0,0,835,836,844,1,1,0,2,0,0,0.002091818,1,17,0.009786619
1-14G-709,202308,374.002,6.666667,,1,,89.8,0,69,89,89,5.388,1,0,1,,0,0,3,,0,,,0,0,,,,0,1,0,1,,957,956,0,957,881,892,881,881,1,3,0,878,879,889,1,1,0,2,0,0,0.001791572,4,49,0.009706954
1-14G-9197,202308,69.80867,0.666667,,1,,89,0,85,89,89,5.34,1,0,1,,0,0,3,,0,,,0,0,,,,0,1,0,1,,888,892,0,890,825,834,825,825,0,3,0,822,823,831,1,1,0,2,0,0,0.00182129,4,45,0.009714811
1-14LMZDQ,202308,34.074,2,,0,,89,0,85,89,89,5.34,1,0,1,,0,0,3,,0,,,0,0,,,,0,1,0,1,,759,759,0,760,712,720,712,712,0,3,0,709,710,716,1,1,0,2,0,0,0.001771062,5,51,0.009701536
1-14M-10569,202308,95.80666,44.666668,,1,,89,0,69,89,89,5.34,1,0,1,,0,0,3,,0,,,0,0,,,,0,2,0,2,,908,910,0,909,841,851,841,841,1,3,0,838,839,847,0,1,0,2,0,0,0.001749997,5,54,0.009695974
1-14M-28879,202308,743.6373,2.333333,5.580645,0,5.580645,99,0,99,99,99,5.94,1,0,1,,0,0,3,,0,,,0,0,,,,0,1,0,1,,903,905,1,903,836,846,836,836,0,3,0,833,834,842,0,1,0,2,1,0,0.00186139,3,39,0.009725422
1-14M-30517,202308,0,0,20.483871,1,20.483871,56.1,0,69,56.1,56.1,3.366,1,0,1,,0,0,3,,0,,,0,0,,,,0,1,0,1,,893,897,0,895,830,839,830,830,1,3,0,827,828,836,0,1,0,2,1,0,0.001254452,9,99,0.009566038
1-14M-31121,202308,59.770332,1.666667,23.451612,,23.451612,192.1,,69,99,89,11.53,,0,,,0,0,4,,0.5,,,,0,,,,,2,0,2,,880,884,0,882,817,826,817,817,0,3,0,814,815,823,1,1,0,2,1,0,0.011174091,0,0,0.012527443
1-14M-39989,202308,91.12566,2.666667,,0,,89,1,69,89,89,5.34,1,0,1,,0,0,3,,0,,,0,0,,,,0,1,0,1,,900,903,0,901,834,844,834,834,1,0,0,831,832,840,1,1,0,2,0,0,0.001824905,4,44,0.009715767
1-14M-42993,202308,28.59,2.333333,,1,,100.6,0,99,99,99,6.036,1,0,1,,0,0,4,0,0,0,,0,0,,,,0,1,0,1,0,884,888,0,886,821,830,821,821,0,3,0,818,819,827,1,1,0,2,0,0,0.002922795,0,6,0.010010495
1-14M-43145,202308,163.83867,5,,1,,89,0,69,89,89,5.34,0,0,1,,0,0,3,,0,,,1,0,,,,0,1,0,1,,908,910,0,909,841,851,841,841,1,3,0,838,839,847,0,1,0,2,0,0,0.001868915,3,38,0.009727414
1-14M-43155,202308,131.28267,13,,1,,99,0,69,99,89,5.94,1,0,1,,0,0,3,,0,,,0,0,,,,0,1,0,1,,885,889,0,887,822,831,822,822,1,3,0,819,820,828,1,1,0,2,0,0,0.001805891,4,47,0.009710739
1-14M-43669,202308,337.813,3.666667,,1,,89,0,85,89,89,5.34,0,0,1,,0,0,3,0,0,0,,1,0,,,,0,1,0,1,0,893,897,0,895,830,839,830,830,0,0,0,827,828,836,1,1,0,2,0,0,0.001924092,3,30,0.009742037
1-14M-4729,202308,23.125668,1,6.387097,,6.387097,89,,69,89,89,5.34,,0,,,0,0,3,0,0,0,,,0,,,,,1,0,1,0,882,886,0,884,819,828,819,819,1,3,0,816,817,825,0,1,0,2,1,0,0.001300691,8,89,0.009578089
1-14MWGUW,202308,325.834,1.333333,,1,,89,0,69,89,89,5.34,1,0,1,,0,0,3,,0,,,0,0,,,,0,1,0,1,,656,654,0,654,621,625,621,621,1,3,0,618,619,623,1,1,0,2,0,0,0.001860512,3,39,0.009725189
1-14NYL3Q,202308,137.11533,18,,0,,89,1,69,89,89,5.34,1,0,1,,0,0,3,,0,,,0,0,,,,0,2,0,2.3333333,,1277,1292,0,1289,1156,1174,1158,1157,1,3,0,1155,1156,1172,0,1,0,2,0,0,0.002122916,1,16,0.009794907
1-14P-10896,202308,72.00567,7.666667,,1,,227,0,69,89,89,13.62,1,0,1,,0,0,5,,1,,,0,0,,,,0,3,0,3,,888,892,0,890,825,834,825,825,1,0,0,822,823,831,1,1,0,0,0,0,0.00226283,1,13,0.009832283
1-14P-13694,202308,267.61032,2.333333,,,,99,,69,99,89,5.94,,0,,,0,0,3,,0,,,,0,,,,,1,0,1,,908,910,0,909,841,851,841,841,1,3,0,838,839,847,1,1,0,2,0,0,0.002145184,1,16,0.009800847
1-14P-2047,202308,484.68332,2,,0,,92.4,1,89,89,89,5.544,1,0,1,,0,0,3,,0,,,0,0,,,,0,1,0,1,,773,772,0,774,724,732,724,724,0,3,0,721,722,728,0,1,0,2,0,0,0.002462739,1,10,0.009885931
1-14P-32815,202308,225.99933,31.333332,7.16129,1,12.903226,180.1,0,158,178,178,10.806,1,1,2,,0,0,4,0,0,0,,0,0,,,,0,2,0,2,0,888,892,0,890,834,834,825,825,1,3,0,831,823,831,0,2,0,2,2,0,0.001931287,2,29,0.009743945
1-14P-3451,202308,148.76866,29.333332,23.290323,,23.290323,73.3,,69,69,69,4.398,,0,,,0,0,1,0,0,0,,,0,,,,,1,0,1,0,908,910,0,909,841,851,841,841,0,3,0,838,839,847,0,1,0,1,1,0,0.001727683,5,57,0.009690086
1-14R-14910,202308,231.26266,9.333333,4.774194,1,4.774194,89,0,69,89,89,5.34,1,0,1,,0,0,3,,0,,,0,0,,,,0,1,0,1,,936,937,0,936,866,877,866,866,1,3,0,863,864,873,0,1,0,2,1,0,0.001375474,7,79,0.009597611
1-14R-208,202308,226.83966,2.333333,9.32258,1,9.32258,99,0,99,99,99,5.94,1,0,1,,0,0,3,,0,,,0,0,,,,0,1,0,1,,886,890,1,888,823,832,823,823,0,3,0,820,821,829,0,1,0,2,1,0,0.001867302,3,39,0.009726987
1-14R-21791,202308,245.73466,1.666667,21,,21,-23.76,,69,-23.76,-23.76,-1.4256,,1,,,0,0,1,,0,,,,0,,,,,1,0,1,,885,889,0,887,822,831,822,822,0,3,0,819,820,828,0,1,0,1,1,0,0.001524136,7,70,0.009636536
1-14R-26372,202308,109.59866,8.333333,,1,,89,0,89,89,89,5.34,1,0,1,,0,0,3,,0,,,0,0,,,,0,1,0,1,,446,448,0,447,424,429,424,424,1,0,0,424,424,427,1,1,0,2,0,0,0.002982071,0,6,0.010026657
1-14R-34191,202308,0,0,,1,,69,0,69,69,69,4.14,1,0,1,,0,0,3,,0,,,0,0,,,,0,1,0,1,,1051,1055,0,1055,971,984,972,971,1,3,0,969,970,980,0,1,0,2,0,0,0.001578943,6,67,0.009650926
1-14V-13614,202308,22.810667,1.666667,,1,,89,0,85,89,89,5.34,1,0,1,,0,0,3,0,0,0,,0,0,,,,0,1,0,1,0,884,888,0,886,821,830,821,821,0,3,0,818,819,827,1,1,0,2,0,0,0.00165313,6,63,0.009670438
1-14V-14263,202308,315.77066,0.333333,16.193548,,16.193548,69,,69,69,69,4.14,,0,,,0,0,3,,0,,,,0,,,,,1,0,1,,856,861,0,859,795,804,795,795,1,3,0,792,793,800,0,1,0,2,1,0,0.001349299,8,81,0.009590773
1-14V-14996,202308,398.34167,1,,0,,89,0,85,89,89,5.34,1,0,1,,0,0,3,,0,,,0,0,,,,0,1,0,1,,1054,1059,0,1058,974,988,975,974,0,3,0,972,973,983,0,1,0,2,0,0,0.001985143,2,23,0.009758241
1-14V-19506,202308,122.942,1.333333,,1,,89,0,69,89,89,5.34,0,0,1,,0,0,3,,0,,,1,0,,,,0,1,0,1,,35,34,0,34,29,30,29,29,1,3,0,29,29,29,0,1,0,2,0,0,0.001812861,4,46,0.009712582
1-14V-20482,202308,149.33067,9.666667,,1,,89,0,85,89,89,5.34,0,0,1,,0,0,3,,0,,,1,0,,,,0,1,0,1,,201,199,0,200,189,191,189,189,0,3,0,189,189,190,1,1,0,2,0,0,0.00181001,4,46,0.009711828
1-14V-2174,202308,346.02032,4,,1,,89.4,0,89,89,89,5.364,1,0,1,,0,0,3,,0,,,0,0,,,,0,1,0,1,,1083,1092,0,1088,996,1010,997,996,1,3,0,994,995,1007,1,1,0,2,0,0,0.00190305,3,32,0.009736458
1-14V-24569,202308,102.271,6,,,,89,,69,89,89,5.34,,0,,,0,0,3,,0,,,,0,,,,,1,0,1,,1238,1252,0,1251,1118,1135,1120,1119,1,3,0,1117,1118,1134,1,1,0,2,0,0,0.001761169,5,53,0.009698923
1-14V-29756,202308,178.90633,4.333333,,1,,89,0,85,89,89,5.34,1,0,1,,0,0,3,,0,,,0,0,,,,0,1,0,1,,157,158,0,157,149,151,149,149,0,3,0,149,149,150,1,1,0,2,0,0,0.001831441,4,43,0.009717496
1-14Y-10181,202308,493.36835,4.333333,9.419354,0,9.419354,89,0,89,89,89,5.34,1,0,1,,0,0,3,,0,,,0,0,,,,0,1,0,1,,708,707,0,708,673,678,673,673,0,3,0,670,671,675,0,1,0,2,1,0,0.001406238,7,76,0.009605653
1-14Y-124,202308,276.988,4,,0,,89,0,89,89,89,5.34,1,0,1,,0,0,3,,0,,,0,0,,,,0,1,0,1,,756,757,1,758,710,718,710,710,0,3,0,707,708,714,1,1,0,2,0,0,0.002014949,2,20,0.009766162
1-14Y-14492,202308,88.935,1.333333,,1,,89,0,85,89,89,5.34,1,0,1,,0,0,3,,0,,,0,0,,,,0,1,0,1,,1277,1292,0,1289,1156,1174,1158,1157,0,3,0,1155,1156,1172,0,1,0,2,0,0,0.0017708,5,51,0.009701466
1-14Y-16916,202308,127.775,2.333333,,0,,89,0,85,89,89,5.34,1,0,1,,0,0,3,,0,,,0,0,,,,0,1,0,1,,556,556,0,555,531,535,531,531,0,3,0,530,530,533,1,1,0,2,0,0,0.001849792,4,41,0.009722351
1-14Y-31947,202308,37.039333,2.333333,,,,89,,69,89,89,5.34,,0,,,0,0,3,,0,,,,0,,,,,1,0,1,,913,915,0,914,846,856,846,846,1,3,0,843,844,852,0,1,0,2,0,0,0.001666735,6,62,0.00967402
1-14Y-4579,202308,117.123665,15.333333,,1,,148.4,0,85,99,89,8.9,1,0,1,,0,0,3,,0.33333334,,,0,0,,,,0,2,0,1.6666666,,910,912,0,911,843,853,843,843,0,3,1,840,841,849,0,1,0,2,0,0,0.002067223,1,18,0.009780069
1-14YL8CC,202308,47.015335,1.333333,,1,,89,0,85,89,89,5.34,0,0,1,,0,0,3,,0,,,0,0,,,,0,1,0,1,,1027,1030,0,1030,948,961,949,948,0,3,0,946,947,957,1,1,0,2,0,0,0.001844118,4,41,0.00972085
1-153-14912,202308,1266.952,0.666667,,,,89,,85,89,89,5.34,,0,,,0,0,3,,0,,,,0,,,,,1,0,1,,608,605,0,606,576,580,575,575,0,3,0,574,574,578,0,1,0,2,0,0,0.002235772,1,13,0.009825044
1-153-18022,202308,221.221,21.666668,,1,,89,0,85,89,89,5.34,0,0,1,,0,0,3,,0,,,0,0,,,,1,1,0,1,,432,433,0,433,410,415,410,410,0,3,0,410,410,413,1,1,0,2,0,0,0.00178415,5,50,0.009704993
1-153-21729,202308,360.20734,8.333333,,0,,89,1,69,89,89,5.34,1,0,1,,0,0,3,,0,,,0,0,,,,0,1,0,1,,481,483,0,481,457,462,457,457,1,3,0,457,457,460,0,1,0,2,0,0,0.002000725,2,21,0.009762381
1-154-14060,202308,252.13766,2.666667,,1,,89,0,69,89,89,5.34,1,0,1,,0,0,3,,0,,,0,0,,,,0,1,0,1,,456,459,0,457,434,439,434,434,1,3,0,434,434,437,0,1,0,2,0,0,0.001883939,3,36,0.009731394
1-154-206,202308,29.849667,0.333333,,1,,89,0,69,89,89,5.34,1,0,1,,0,0,3,,0,,,0,0,,,,0,1,0,1,,969,969,0,971,893,904,893,893,1,3,0,890,891,901,1,1,0,2,0,0,0.001639642,6,64,0.009666887
1-154-21625,202308,116.49167,7.666667,,,,89,,69,89,89,5.34,,0,,,0,0,3,,0,,,,0,,,,,1,0,1,,223,220,0,222,210,212,210,210,1,3,0,210,210,211,0,1,0,2,0,0,0.001847668,4,41,0.009721789
1-1565DVG,202308,20.061333,0.333333,4.870968,0,4.870968,89,1,69,89,89,5.34,1,0,1,,0,0,3,,0,,,0,0,,,,0,1,0,1,,707,706,0,707,672,677,672,672,1,3,0,669,670,674,0,1,0,2,1,0,0.00130034,9,90,0.009577997
1-15C4LFY,202308,180.59734,6.666667,,,,89,,89,89,89,5.34,,0,,,0,0,3,,0,,,,0,,,,,1,0,1,,442,444,1,443,420,425,420,420,0,3,0,420,420,423,1,1,0,2,0,0,0.001958105,2,25,0.009751061
1-15CK09A,202308,213.831,9.333333,4.7419353,0,4.7419353,89,0,89,89,89,5.34,1,0,1,,0,0,3,,0,,,0,0,,,,0,1,0,1,,915,917,0,916,848,858,848,848,0,3,0,845,846,854,0,1,0,2,1,0,0.00137745,7,78,0.009598127
1-15NJE9Q,202308,274.082,5.333333,,1,,97.4,0,89,89,89,5.844,1,0,1,,0,0,3,0,0,0,,0,0,,,,0,1,0,1,0,201,199,0,200,189,191,189,189,0,3,0,189,189,190,1,1,0,2,0,0,0.002097577,1,17,0.009788154
1-15P-11084,202308,159.749,2,,,,89,,85,89,89,5.34,,0,,,0,0,3,,0,,,,0,,,,,1,0,1,,568,567,0,566,542,546,542,542,0,3,0,541,541,544,1,1,0,2,0,0,0.001871494,3,38,0.009728097
1-15P-15471,202308,248.63834,7,,1,,80.2,0,79,79,79,4.812,1,0,1,,0,0,3,0,0,0,,0,0,,,,0,1,0,1,0,943,943,0,943,869,880,869,869,0,3,0,866,867,877,1,1,0,2,0,0,0.001762295,5,52,0.009699221
1-15P-16694,202308,153.33766,42.333332,4.516129,1,4.516129,99,0,69,99,89,5.94,1,0,1,,0,0,3,,0,,,0,0,,,,0,1,0,1,,429,430,0,430,407,412,407,407,1,3,0,407,407,410,0,1,0,2,1,0,0.00136689,8,80,0.009595368
1-15P-21763,202308,214.46666,9.666667,2.032258,1,2.032258,89,0,69,89,89,5.34,1,0,1,,0,0,3,,0,,,0,0,,,,0,1,0,1,,111,112,0,110,104,105,104,104,1,3,0,104,104,104,0,1,0,2,1,0,0.001379646,7,78,0.009598701
1-15P-24349,202308,0,0,,0,,119,1,99,99,119,7.14,1,0,1,,0,0,4,,0,,,0,0,,,,0,1,0,1,,111,112,1,110,104,105,104,104,0,3,0,104,104,104,1,1,0,2,0,0,0.002694283,0,8,0.00994843
1-15P-25231,202308,206.45134,5.666667,16.806452,1,16.806452,296,0,154,178,178,17.76,1,0,2,,0,0,5,,1,,,0,0,,,,0,4,0,4,,616,613,0,614,584,939,583,583,1,3,0,582,582,935,1,2,0,0,1,0,0.002437946,1,10,0.009879262
1-15P-27983,202308,227.34666,10,,1,,89,0,69,89,89,5.34,1,0,1,,0,0,3,,0,,,0,0,,,,0,1,0,1,,856,861,0,859,795,804,795,795,1,3,0,792,793,800,1,1,0,2,0,0,0.001804893,4,47,0.009710475
1-15P-30129,202308,114.245,0.666667,,0,,89,0,69,89,89,5.34,1,0,1,,0,0,3,,0,,,0,1,2,,,0,1,0,1,,92,93,0,91,85,86,85,85,1,3,0,85,85,85,0,1,0,2,0,0,0.004291144,0,2,0.010390242
1-15P-5533,202308,105.269,1.666667,23.548388,0,23.548388,89.1,0,85,89,89,5.346,1,0,1,,0,0,3,,0,,,0,0,,,,0,1,0,1,,54,53,0,53,48,49,48,48,0,3,0,48,48,48,0,1,0,2,1,0,0.022458054,0,0,0.017006215
1-15P-5719,202308,99.969,0.333333,,0,,89,0,85,89,89,5.34,1,0,1,,0,0,3,,0,,,0,0,,,,0,1,0,1,,602,599,0,600,571,575,570,570,0,3,0,569,569,573,0,1,0,2,0,0,0.001848444,4,41,0.009721995
1-15P-7588,202308,194.563,2,5.774194,0,5.774194,88.99,1,89,88.99,88.99,5.3394,1,0,1,,0,0,3,,0,,,0,0,,,,0,1,0,1,,592,590,0,588,563,567,563,563,0,2,0,562,562,565,0,1,0,2,1,0,0.001454091,7,73,0.009618176
1-15P-994,202308,669.2867,10.333333,,,,89,,89,89,89,5.34,,0,,,0,0,3,,0,,,,0,,,,,1,0,1,,93,94,0,92,86,87,86,86,0,3,0,86,86,86,1,1,0,2,0,0,0.00225174,1,13,0.009829316
1-15V-27492,202308,36.078667,6,,1,,89,0,69,89,89,5.34,0,0,1,,0,0,3,,0,,,0,0,,,,1,1,0,1,,466,468,0,466,443,448,443,443,1,0,0,443,443,446,0,1,0,2,0,0,0.001673534,6,62,0.009675811
1-15V-28865,202308,279.646,8.333333,20.967741,1,20.967741,80.93,0,89,94.48,70.93,4.8558,1,0,1,,-13.55,0,3,,0,,,0,0,,,,0,1,0,1,,439,441,0,440,417,422,417,417,0,3,0,417,417,420,0,1,0,2,1,0,0.001372128,7,79,0.009596736
1-15V-9525,202308,0,0,16.612904,,16.612904,89,,89,89,89,5.34,,0,,,0,0,3,,0,,,,0,,,,,1,0,1,,67,66,0,66,61,62,61,61,0,3,0,61,61,61,0,1,0,2,1,0,0.001290836,9,94,0.009575519
1-15V-9817,202308,20.650333,2,24.193548,1,24.193548,69,0,69,69,69,4.14,1,0,1,,0,0,3,,0,,,0,0,,,,0,1,0,1,,432,433,0,433,410,415,410,410,1,3,0,410,410,413,0,1,0,2,1,0,0.005886177,0,1,0.010850921
1-15X-13167,202308,93.635666,22.333332,1.0645162,1,1.0645162,95.12,0,69,89,89,5.7072,1,0,1,,0,0,3,,0,,,0,0,,,,0,1,0,1,,459,461,0,459,436,441,436,436,1,0,0,436,436,439,0,1,0,2,1,0,0.001592689,6,67,0.009654538
1-15X-1640,202308,520.14435,0.666667,,1,,89.8,0,69,89,89,5.388,1,0,1,,0,0,3,,0,,,0,0,,,,0,1,0,1,,511,513,0,512,487,492,487,487,1,3,0,487,487,490,0,1,0,2,0,0,0.002126383,1,16,0.009795832
1-15X-21633,202308,459.932,5.333333,8.83871,,8.83871,119.6,,119,89,119,7.176,,0,,,30,30,4,0,0,0,,,0,,,,,1,30,1,0,387,388,0,389,366,371,366,366,0,3,0,366,366,369,0,1,1,2,1,0,0.001743839,5,55,0.009694348
1-15X-22210,202308,10.752666,1,,1,,99,0,99,99,99,5.94,1,0,1,,0,0,3,,0,,,0,0,,,,0,1,0,1,,456,459,0,457,434,439,434,434,0,3,0,434,434,437,0,1,0,2,0,0,0.003158737,0,5,0.010074979
1-15X-23008,202308,284.43466,7.333333,,1,,89,0,69,89,89,5.34,1,0,1,,0,0,3,,0,,,0,0,,,,0,1,0,1,,501,503,0,502,477,482,477,477,1,0,0,477,477,480,1,1,0,2,0,0,0.001871893,3,38,0.009728203
1-15X-24307,202308,50.802334,11.333333,,1,,89,0,69,89,89,5.34,0,0,1,,0,0,3,,0,,,0,0,,,,1,1,0,1,,501,503,0,502,477,482,477,477,1,3,0,477,477,480,0,1,0,2,0,0,0.001650606,6,64,0.009669773
1-15X-34739,202308,117.522,13.666667,,0,,89,0,69,89,89,5.34,1,0,1,,0,0,3,,0,,,0,1,2,,,0,1,0,1,,481,483,0,481,457,462,457,457,1,3,0,457,457,460,0,1,0,2,0,0,0.003501489,0,4,0.010169389
1-15X-3723,202308,19.917667,1.666667,4.709677,,4.709677,89,,69,89,89,5.34,,0,,,0,0,3,,0,,,,0,,,,,1,0,1,,357,357,0,357,338,342,338,338,1,0,0,338,338,340,0,1,0,2,1,0,0.00130123,8,89,0.009578229
1-15X-39772,202308,128.76866,10.333333,,0,,89,0,69,89,89,5.34,1,0,1,,0,0,3,,0,,,0,0,,,,0,1,0,1,,489,491,0,490,465,470,465,465,1,3,0,465,465,468,1,1,0,2,0,0,0.001800564,4,48,0.009709331
1-15X-39998,202308,250.03267,1.666667,,0,,89,1,85,89,89,5.34,1,0,1,,0,0,3,0,0,0,,0,0,,,,0,1,0,1,0,432,433,0,433,410,415,410,410,0,0,0,410,410,413,0,1,0,2,0,0,0.002052827,1,19,0.009776237
1-15X-9509,202308,90.391,14.666667,6.548387,1,6.548387,89,0,69,89,89,5.34,1,0,1,,0,0,3,,0,,,0,0,,,,0,1,0,1,,440,442,0,441,418,423,418,418,1,3,0,418,418,421,0,1,0,2,1,0,0.00128793,9,95,0.009574761
1-160-14522,202308,42.603333,0.333333,,0,,89,1,89,89,89,5.34,1,0,1,,0,0,3,,0,,,0,0,,,,0,1,0,1,,440,442,0,441,418,423,418,418,1,3,0,418,418,421,0,1,0,2,0,0,0.001820681,4,45,0.00971465
1-160-19431,202308,792.745,3.333333,,0,,89,0,85,89,89,5.34,1,0,1,,0,0,3,,0,,,0,0,,,,0,1,0,1,,335,335,0,336,320,323,320,320,0,3,0,320,320,322,1,1,0,2,0,0,0.002354616,1,12,0.009856879
1-160-23417,202308,47.622,4,,1,,79.7,0,69,69,69,4.782,0,0,1,,0,0,3,0,0,0,,0,0,,,,0,1,0,1,0,405,406,0,407,384,389,384,384,1,3,0,384,384,387,0,1,0,2,0,0,0.001604092,6,66,0.009657536
1-160-38097,202308,392.99734,6,7.83871,0,7.83871,89,1,69,89,89,5.34,1,0,1,,0,0,3,,0,,,0,0,,,,0,1,0,1,,454,457,0,455,432,437,432,432,1,3,0,432,432,435,0,1,0,2,1,0,0.00146903,7,72,0.009622089
1-160-7679,202308,42.580334,9.666667,,0,,89,0,69,89,89,5.34,1,0,1,,0,0,3,,0,,,0,0,,,,0,1,0,1,,459,461,0,459,436,441,436,436,1,2,0,436,436,439,0,1,0,2,0,0,0.001760677,5,53,0.009698793
1-160-9619,202308,65.94933,8.666667,1.7419355,1,1.7419355,89,0,69,89,89,5.34,1,0,1,,0,0,3,,0,,,0,0,,,,0,1,0,1,,565,564,0,563,539,543,539,539,1,0,0,538,538,541,0,1,0,2,1,0,0.001311085,8,86,0.0095808
1-162-26026,202308,60.029667,7,,0,,89.5,0,85,89,89,5.37,1,0,1,,0,0,3,,0,,,0,0,,,,0,1,0,1,,452,455,0,453,430,435,430,430,0,3,0,430,430,433,1,1,0,2,0,0,0.001804794,4,47,0.009710449
1-162-33855,202308,63.697334,10.333333,9.064516,0,9.064516,132.36,0,69,88.33,88.33,7.9498,1,0,1,,0,0,3,,0.33333334,,,0,0,,,,0,2,0,1.6666666,,406,407,0,408,388,393,388,388,1,3,1,388,388,391,0,1,0,2,1,0,0.001491261,7,71,0.009627914
1-162-35512,202308,223.318,20.333332,,1,,89,0,85,89,89,5.34,1,0,1,,0,0,3,,0,,,0,0,,,,0,1,0,1,,466,468,0,466,443,448,443,443,0,3,0,443,443,446,1,1,0,2,0,0,0.001835654,4,43,0.00971861
1-165-12334,202308,52.46633,0.333333,8.806452,,8.806452,90.4,,69,89,89,5.424,,0,,,0,0,3,0,0,0,,,0,,,,,1,0,1,0,486,488,0,487,462,467,462,462,1,0,0,462,462,465,0,1,0,2,1,0,0.001327801,8,83,0.009585161
1-165-21419,202308,55.739,55.666668,15.225806,1,15.225806,69,0,69,69,69,4.14,1,0,1,,0,0,3,,0,,,0,0,,,,0,1,0,1,,456,459,0,457,434,439,434,434,1,3,0,434,434,437,0,1,0,2,1,0,0.001253242,9,99,0.009565723
1-165-39579,202308,92.21433,7,,0,,148.2,0,69,89,89,8.892,1,0,1,,0,0,4,0,0.5,0,,0,0,,,,0,2,0,2,0,494,496,0,495,470,475,470,470,1,0,0,470,470,473,0,1,0,2,0,0,0.002054682,1,19,0.009776731
1-165-39697,202308,62.679,1,13.4838705,0,13.4838705,89,0,89,89,89,5.34,1,1,1,,0,0,3,,0,,,0,0,,,,0,1,0,1,,521,521,0,521,496,500,496,496,0,3,0,495,495,498,0,1,0,2,1,0,0.001312751,8,86,0.009581234
1-165-39823,202308,509.89532,6.333333,,0,,89,0,69,89,89,5.34,1,0,1,,0,0,3,,0,,,0,0,,,,0,2,0,2,,562,562,0,561,537,541,537,537,1,3,0,536,536,539,0,1,0,2,0,0,0.002292751,1,12,0.009840294
1-165-4612,202308,5.1583333,6.666667,,1,,89,0,69,89,89,5.34,1,0,1,,0,0,3,,0,,,0,0,,,,0,1,0,1,,498,500,0,499,474,479,474,474,1,3,0,474,474,477,0,1,0,2,0,0,0.001632148,6,65,0.009664915
1-165-7527,202308,297.75934,31.666668,,1,,178,0,154,178,178,10.68,1,0,2,,0,0,4,,0,,,0,0,,,,0,2,0,2,,174,175,0,389,166,371,366,166,1,3,0,166,366,369,1,2,0,2,0,0,0.002436883,1,10,0.009878976
1-165-9287,202308,347.85468,1,,,,89,,89,89,89,5.34,,0,,,0,0,3,,0,,,,0,,,,,1,0,1,,1172,1187,0,1185,1071,1088,1073,1072,0,3,0,1070,1071,1084,0,1,0,2,0,0,0.002008565,2,21,0.009764465
1-168OWBU,202308,250.782,1.333333,9.645162,1,9.645162,89,0,89,89,89,5.34,1,0,1,,0,0,3,,0,,,0,0,,,,0,1,0,1,,936,937,0,936,866,877,866,866,0,3,0,863,864,873,0,1,0,2,1,0,0.001371243,7,79,0.009596505
1-169-20279,202308,79.040665,0.333333,6.709677,0,6.709677,89,0,89,89,89,5.34,1,0,1,,0,0,3,,0,,,0,0,,,,0,1,0,1,,127,128,0,126,120,121,120,120,0,3,0,120,120,120,0,1,0,2,1,0,0.001301239,8,88,0.009578232
1-169-27761,202308,63.800335,1,,1,,89,0,89,89,89,5.34,0,0,1,,0,0,3,,0,,,0,0,,,,1,1,0,1,,631,628,0,629,597,601,596,596,0,3,0,594,595,599,1,1,0,2,0,0,0.001783478,5,50,0.009704816
1-169-28031,202308,17.468334,0.666667,4.870968,1,4.870968,89,0,89,89,89,5.34,1,0,1,,0,0,3,,0,,,0,0,,,,0,1,0,1,,466,468,0,466,443,448,443,443,0,0,0,443,443,446,0,1,0,2,1,0,0.001295985,9,92,0.009576861
1-169-31844,202308,93.860664,2.333333,6,1,6,99,0,89,89,99,5.94,1,0,2,,0,0,3,,0,,,0,0,,,,0,2,0,2,,455,458,0,456,433,438,433,433,0,3,0,433,433,436,0,1,0,2,1,0,0.001514223,7,70,0.009633935
1-169-40182,202308,112.751335,2,,1,,100.2,0,89,89,89,6.012,1,0,1,,0,0,3,,0,,,0,0,,,,0,1,0,1,,432,433,0,433,410,415,410,410,0,0,0,410,410,413,1,1,0,2,0,0,0.002033408,2,20,0.009771071
1-169-40813,202308,311.011,0.666667,7.516129,,7.516129,89,,69,89,89,5.34,,0,,,0,0,3,,0,,,,0,,,,,1,0,1,,440,442,0,441,418,423,418,418,1,0,0,418,418,421,0,1,0,2,1,0,0.001392397,7,77,0.009602034
1-169-41774,202308,40.596333,15.333333,,,,99,,69,99,89,5.94,,0,,,0,0,3,,0,,,,0,,,,,1,0,1,,456,459,0,457,434,439,434,434,1,3,0,434,434,437,1,1,0,2,0,0,0.001646928,6,64,0.009668805
1-169-7655,202308,156.82,44.333332,12.225806,,12.225806,69,,69,69,69,4.14,,0,,,0,0,3,,0,,,,0,,,,,1,0,1,,538,538,0,537,513,517,513,513,1,0,0,512,512,515,0,1,0,2,1,0,0.001281319,9,97,0.009573038
1-16C-10511,202308,125.455666,12,,1,,91.2,0,69,89,89,5.472,1,0,1,,0,0,3,0,0,0,,0,0,,,,0,1,0,1,0,468,470,0,468,444,449,444,444,1,3,0,444,444,447,1,1,0,2,0,0,0.001931619,2,29,0.009744033
1-16C-11441,202308,147.477,21.666668,10.935484,0,10.935484,69.08,1,69,69,69,4.1448,1,0,1,,0,0,3,,0,,,0,1,1,,,0,1,0,1,,382,383,0,384,362,367,362,362,1,3,0,362,362,365,0,1,0,2,1,0,0.002331108,1,12,0.009850574
1-16C-12937,202308,398.51868,43.666668,6,1,6,89,0,89,89,89,5.34,1,0,1,,0,0,3,,0,,,0,0,,,,0,1,0,1,,484,486,0,484,460,465,460,460,0,3,0,460,460,463,0,1,0,2,1,0,0.0014656,7,72,0.00962119
1-16C-14617,202308,66.94867,1,,1,,91.3,0,69,89,89,5.478,1,0,1,,0,0,3,0,0,0,,0,0,,,,0,1,0,1,0,501,503,0,502,477,482,477,477,1,0,0,477,477,480,0,1,0,2,0,0,0.001933452,2,29,0.009744519
1-16C-15855,202308,98.78367,2.666667,23.451612,,23.451612,89,,69,89,89,5.34,,1,,,0,0,3,,0,,,,0,,,,,1,0,1,,412,413,0,414,391,396,391,391,0,0,0,391,391,394,0,1,0,2,1,0,0.005479254,0,1,0.010731508
1-16C-18657,202308,91.53767,43.666668,,1,,89,0,69,89,89,5.34,1,0,1,,0,0,3,,0,,,0,0,,,,0,1,0,1,,456,459,0,457,434,439,434,434,1,3,0,434,434,437,0,1,0,2,0,0,0.001706284,5,59,0.009684442
1-16C-33171,202308,200.3,0.333333,,0,,89,0,89,89,89,5.34,1,0,1,,0,0,3,,0,,,0,0,,,,0,1,0,1,,948,947,0,948,873,884,873,873,0,3,0,870,871,881,1,1,0,2,0,0,0.001948218,2,26,0.009748437
1-16C-38900,202308,136.08833,1.666667,,1,,91.1,0,85,89,89,5.466,0,0,1,,0,0,3,,0,,,0,0,,,,1,1,0,1,,438,440,0,439,416,421,416,416,0,3,0,416,416,419,1,1,0,2,0,0,0.001879758,3,37,0.009730286
1-16C-9677,202308,226.16467,3,5.096774,0,5.096774,89,1,69,89,89,5.34,1,0,1,,0,0,3,,0,,,0,0,,,,0,1,0,1,,485,487,0,486,461,466,461,461,1,0,0,461,461,464,0,1,0,2,1,0,0.001394319,7,77,0.009602536
1-16CXOMO,202308,350.24533,6,,1,,139,0,89,89,139,8.34,1,0,1,,50,50,4,,0,,,0,0,,,,0,1,50,1,,790,791,1,791,740,749,740,740,0,3,0,737,738,744,1,1,0,2,0,0,0.004109879,0,2,0.01033913
1-16E-1915,202308,146.29533,3,,0,,99,0,69,99,89,5.94,1,0,1,,0,0,3,,0,,,0,0,,,,0,1,0,1,,577,576,0,574,550,554,550,550,1,3,0,549,549,552,0,1,0,2,0,0,0.002380661,1,11,0.009863869
1-16E-20545,202308,17.681334,29.666668,,0,,93.9,0,69,89,89,5.634,1,0,2,0,0,0,3,0,0,0,0,0,0,,,,0,2,0,2,0,675,674,0,674,640,645,640,640,1,3,0,637,638,642,0,1,0,2,0,0,0.00167299,6,62,0.009675668
1-16E-23041,202308,137.53166,6,,1,,139.5,0,139,89,139,8.37,0,0,1,,50,50,4,-2.4,0,-0.25,,1,0,,,,0,1,50,1,-2.15,746,745,1,746,700,708,700,700,0,3,0,697,698,704,1,1,1,2,0,0,0.002972452,0,6,0.010024032
1-16E-24780,202308,16.601,8.333333,,1,,89,0,69,89,89,5.34,1,0,1,,0,0,3,,0,,,0,0,,,,0,1,0,1,,548,548,0,547,523,527,523,523,1,3,0,522,522,525,1,1,0,2,0,0,0.001604084,6,66,0.009657534
1-16E-2605,202308,20.778,1,6.677419,1,6.677419,89,0,89,89,89,5.34,1,0,1,,0,0,3,,0,,,0,0,,,,0,1,0,1,,511,513,0,512,487,492,487,487,0,3,0,487,487,490,0,1,0,2,1,0,0.001293888,9,93,0.009576315
1-16E-26369,202308,311.28433,72.666664,,0,,89,1,85,89,89,5.34,1,0,1,,0,0,3,,0,,,0,0,,,,0,1,0,1,,339,339,0,339,323,326,323,323,0,0,0,323,323,325,1,1,0,2,0,0,0.002380893,1,11,0.009863932